<?xml version="1.0" encoding="UTF-8"?>
<suppressions xmlns="https://jeremylong.github.io/DependencyCheck/dependency-suppression.1.3.xsd"><suppress base="true">
   <notes><![CDATA[
   FP per issue #4852
   ]]></notes>
   <packageUrl regex="true">^pkg:maven/com\.graphql-java-kickstart/graphql-java-kickstart@.*$</packageUrl>
   <cpe>cpe:/a:graphql-java_project:graphql-java</cpe>
</suppress>
<suppress base="true">
   <notes><![CDATA[
   FP per issue #4803
   ]]></notes>
   <packageUrl regex="true">^pkg:maven/net\.sourceforge\.htmlunit/htmlunit-cssparser@.*$</packageUrl>
   <cpe>cpe:/a:htmlunit_project:htmlunit</cpe>
</suppress>
<suppress base="true">
   <notes><![CDATA[
   FP per issue #4853
   ]]></notes>
   <packageUrl regex="true">^pkg:maven/com\.graphql-java-kickstart/graphql-java-servlet@.*$</packageUrl>
   <cpe>cpe:/a:graphql-java_project:graphql-java</cpe>
</suppress>
<suppress base="true">
   <notes><![CDATA[
   FP per issue #4859
   ]]></notes>
   <packageUrl regex="true">^pkg:maven/com\.apollographql\.federation/federation-graphql-java-support@.*$</packageUrl>
   <cpe>cpe:/a:graphql-java_project:graphql-java</cpe>
</suppress>
<suppress base="true">
   <notes><![CDATA[
   FP per issue #4851
   ]]></notes>
   <packageUrl regex="true">^pkg:maven/com\.graphql-java/graphql-java-extended-scalars@.*$</packageUrl>
   <cpe>cpe:/a:graphql-java_project:graphql-java</cpe>
</suppress>
<suppress base="true">
   <notes><![CDATA[
   FP per issue #4860
   ]]></notes>
   <packageUrl regex="true">^pkg:maven/com\.apollographql\.federation/federation-graphql-java-support-api@.*$</packageUrl>
   <cpe>cpe:/a:graphql-java_project:graphql-java</cpe>
</suppress>
<suppress base="true">
   <notes><![CDATA[
   FP per issue #4862
   ]]></notes>
   <packageUrl regex="true">^pkg:maven/io\.github\.graphql-java/graphql-java-annotations@.*$</packageUrl>
   <cpe>cpe:/a:graphql-java_project:graphql-java</cpe>
</suppress>
<suppress base="true">
   <notes><![CDATA[
   FP per issue #4863
   ]]></notes>
   <packageUrl regex="true">^pkg:maven/com\.graphql-java/java-dataloader@.*$</packageUrl>
   <cpe>cpe:/a:graphql-java_project:graphql-java</cpe>
</suppress>
<suppress base="true">
   <notes><![CDATA[
   FP per issue #4854
   ]]></notes>
   <packageUrl regex="true">^pkg:maven/com\.graphql-java-kickstart/graphql-java-tools@.*$</packageUrl>
   <cpe>cpe:/a:graphql-java_project:graphql-java</cpe>
</suppress>
<suppress base="true">
   <notes><![CDATA[
   FP per issue #4806
   ]]></notes>
   <packageUrl regex="true">^pkg:maven/org\.vaadin\.addon/easyuploads@.*$</packageUrl>
   <cpe>cpe:/a:vaadin:vaadin</cpe>
</suppress>
<suppress base="true">
   <notes><![CDATA[
   FP per issue #4790
   ]]></notes>
   <packageUrl regex="true">^pkg:maven/ch\.qos\.logback/logback-classic@.*$</packageUrl>
   <cpe>cpe:/a:qos:slf4j</cpe>
</suppress>
<suppress base="true">
   <notes><![CDATA[
   FP per issue #4781
   ]]></notes>
   <packageUrl regex="true">^pkg:maven/org\.eclipse\.microprofile\.config/microprofile-config-api@.*$</packageUrl>
   <cpe>cpe:/a:payara:payara</cpe>
</suppress>
<suppress base="true">
   <notes><![CDATA[
   FP per issue #4777
   ]]></notes>
   <packageUrl regex="true">^pkg:maven/org\.apache\.james/apache-mime4j@.*$</packageUrl>
   <cpe>cpe:/a:apache:james</cpe>
</suppress>
<suppress base="true">
   <notes><![CDATA[
   FP per issue #4755
   ]]></notes>
   <packageUrl regex="true">^pkg:maven/org\.postgresql/r2dbc-postgresql@.*$</packageUrl>
   <cpe>cpe:/a:postgresql:postgresql</cpe>
</suppress>
<suppress base="true">
   <notes><![CDATA[
   FP per issue #4754
   ]]></notes>
   <packageUrl regex="true">^pkg:maven/org\.mockito/mockito-junit-jupiter@.*$</packageUrl>
   <cpe>cpe:/a:junit:junit4</cpe>
</suppress>
<suppress base="true">
   <notes><![CDATA[
   FP per issue #4735
   ]]></notes>
   <packageUrl regex="true">^pkg:maven/org\.robolectric/junit@.*$</packageUrl>
   <cpe>cpe:/a:junit:junit4</cpe>
</suppress>
<suppress base="true">
   <notes><![CDATA[
   FP per issue #4729
   ]]></notes>
   <packageUrl regex="true">^pkg:maven/com\.openhtmltopdf/openhtmltopdf-jsoup-dom-converter@.*$</packageUrl>
   <cpe>cpe:/a:jsoup:jsoup</cpe>
</suppress>
<suppress base="true">
   <notes><![CDATA[
   FP per issue #4728
   ]]></notes>
   <packageUrl regex="true">^pkg:maven/com\.vladsch\.flexmark/flexmark-ext-xwiki-macros@.*$</packageUrl>
   <cpe>cpe:/a:xwiki:xwiki</cpe>
</suppress>
<suppress base="true">
   <notes><![CDATA[
   FP per issue #4727
   ]]></notes>
   <packageUrl regex="true">^pkg:maven/com\.vladsch\.flexmark/flexmark-ext-macros@.*$</packageUrl>
   <cpe>cpe:/a:processing:processing</cpe>
</suppress>
<suppress base="true">
   <notes><![CDATA[
   FP per issue #4726
   ]]></notes>
   <packageUrl regex="true">^pkg:maven/org\.jfrog\.artifactory\.client/artifactory-java-client-api@.*$</packageUrl>
   <cpe>cpe:/a:jfrog:artifactory</cpe>
</suppress>
<suppress base="true">
   <notes><![CDATA[
   FP per issue #4897
   ]]></notes>
   <packageUrl regex="true">^pkg:maven/org\.jetbrains\.kotlin/kotlin-annotation-processing-gradle@.*$</packageUrl>
   <cpe>cpe:/a:processing:processing</cpe>
</suppress>
<suppress base="true">
   <notes><![CDATA[
   FP per issue #4900
   ]]></notes>
   <packageUrl regex="true">^pkg:maven/org\.testcontainers/mysql@.*$</packageUrl>
   <cpe>cpe:/a:mysql:mysql</cpe>
</suppress>
<suppress base="true">
   <notes><![CDATA[
   FP per issue #4899
   ]]></notes>
   <packageUrl regex="true">^pkg:maven/org\.mariadb/r2dbc-mariadb@.*$</packageUrl>
   <cpe>cpe:/a:mariadb:mariadb</cpe>
</suppress>
<suppress base="true">
   <notes><![CDATA[
   FP per issue #4898
   ]]></notes>
   <packageUrl regex="true">^pkg:maven/org\.testcontainers/mariadb@.*$</packageUrl>
   <cpe>cpe:/a:mariadb:mariadb</cpe>
</suppress>
<suppress base="true">
   <notes><![CDATA[
   FP per issue #4907
   ]]></notes>
   <packageUrl regex="true">^pkg:maven/net\.minidev/accessors-smart@.*$</packageUrl>
   <cpe>cpe:/a:json-smart_project:json-smart-v1</cpe>
</suppress>
<suppress base="true">
   <notes><![CDATA[
   FP per issue #4721
   ]]></notes>
   <packageUrl regex="true">^pkg:maven/org\.apache\.camel/camel-activemq@.*$</packageUrl>
   <cpe>cpe:/a:apache:activemq</cpe>
</suppress>
<suppress base="true">
   <notes><![CDATA[
   FP per issue #4652
   ]]></notes>
   <packageUrl regex="true">^pkg:maven/org\.jruby\.rack/jruby-rack@.*$</packageUrl>
   <cpe>cpe:/a:jruby:jruby</cpe>
</suppress>
<suppress base="true">
   <notes><![CDATA[
   FP per issue #4647
   ]]></notes>
   <packageUrl regex="true">^pkg:maven/org\.jruby/dirgra@.*$</packageUrl>
   <cpe>cpe:/a:jruby:jruby</cpe>
</suppress>
<suppress base="true">
   <notes><![CDATA[
   FP per issue #4932
   ]]></notes>
   <packageUrl regex="true">^pkg:maven/org\.apache\.datasketches/datasketches-java@.*$</packageUrl>
   <cpe>cpe:/a:sketch:sketch</cpe>
</suppress>
<suppress base="true">
   <notes><![CDATA[
   FP per issue #4962
   ]]></notes>
   <packageUrl regex="true">^pkg:maven/com\.github\.pagehelper/pagehelper-spring-boot-starter@.*$</packageUrl>
   <cpe>cpe:/a:pagehelper_project:pagehelper</cpe>
</suppress>
<!-- suppressions above this entry were included in the 7.3.1 release -->

<suppress base="true">
       <notes><![CDATA[
           FP per issue https://github.com/jeremylong/DependencyCheck/issues/5060
       ]]></notes>
       <packageUrl regex="true">^pkg:maven/org\.msgpack/.*@.*$</packageUrl>
       <cpe>cpe:/a:messagepack_project:messagepack</cpe>
    </suppress>
<suppress base="true">
   <notes><![CDATA[
   FP per issue #5038
   ]]></notes>
   <packageUrl regex="true">^pkg:maven/org\.locationtech\.spatial4j/spatial4j@.*$</packageUrl>
   <cpe>cpe:/a:pro_search:pro_search</cpe>
</suppress>
<suppress base="true">
   <notes><![CDATA[
   FP per issue #5037
   ]]></notes>
   <packageUrl regex="true">^pkg:maven/com\.ko-sys\.av/airac@.*$</packageUrl>
   <cpe>cpe:/a:keybase:keybase</cpe>
</suppress>
<suppress base="true">
   <notes><![CDATA[
   FP per issue #5027
   ]]></notes>
   <packageUrl regex="true">^pkg:maven/software\.aws\.rds/aws-mysql-jdbc@.*$</packageUrl>
   <cpe>cpe:/a:mysql:mysql</cpe>
</suppress>
<suppress base="true">
   <notes><![CDATA[
   FP per issue #5024
   ]]></notes>
   <packageUrl regex="true">^pkg:maven/net\.openhft/chronicle-wire@.*$</packageUrl>
   <cpe>cpe:/a:wire:wire</cpe>
</suppress>
<suppress base="true">
   <notes><![CDATA[
   FP per issue #5022
   ]]></notes>
   <packageUrl regex="true">^pkg:maven/com\.zendesk/mysql-binlog-connector-java@.*$</packageUrl>
   <cpe>cpe:/a:mysql:mysql</cpe>
</suppress>
<suppress base="true">
   <notes><![CDATA[
   FP per issue #5021
   ]]></notes>
   <packageUrl regex="true">^pkg:maven/io\.debezium/debezium-connector-mysql@.*$</packageUrl>
   <cpe>cpe:/a:mysql:mysql</cpe>
</suppress>
<suppress base="true">
   <notes><![CDATA[
   FP per issue #4944
   ]]></notes>
   <packageUrl regex="true">^pkg:maven/org\.apache\.hbase/hbase-zookeeper@.*$</packageUrl>
   <cpe>cpe:/a:apache:zookeeper</cpe>
</suppress>
<suppress base="true">
   <notes><![CDATA[
   FP per issue #5014
   ]]></notes>
   <packageUrl regex="true">^pkg:maven/org\.ejbca\.cvc/cert-cvc@.*$</packageUrl>
   <cpe>cpe:/a:primekey:ejbca</cpe>
</suppress>
<suppress base="true">
   <notes><![CDATA[
   FP per issue #4952
   ]]></notes>
   <packageUrl regex="true">^pkg:maven/org\.apache\.twill/twill-zookeeper@.*$</packageUrl>
   <cpe>cpe:/a:apache:zookeeper</cpe>
</suppress>
<suppress base="true">
   <notes><![CDATA[
   FP per issue #4947
   ]]></notes>
   <packageUrl regex="true">^pkg:maven/org\.pf4j/pf4j@.*$</packageUrl>
   <cpe>cpe:/a:sonatype:nexus</cpe>
</suppress>
<suppress base="true">
   <notes><![CDATA[
   FP per issue #4946
   ]]></notes>
   <packageUrl regex="true">^pkg:maven/org\.apache\.iceberg/iceberg-hive-metastore@.*$</packageUrl>
   <cpe>cpe:/a:apache:hive</cpe>
</suppress>
<suppress base="true">
   <notes><![CDATA[
   FP per issue #4942
   ]]></notes>
   <packageUrl regex="true">^pkg:maven/org\.apache\.hbase/hbase-hadoop-compat@.*$</packageUrl>
   <cpe>cpe:/a:apache:hadoop</cpe>
</suppress>
<suppress base="true">
   <notes><![CDATA[
   FP per issue #4941
   ]]></notes>
   <packageUrl regex="true">^pkg:maven/org\.apache\.flink/flink-rpc-akka-loader@.*$</packageUrl>
   <cpe>cpe:/a:akka:akka</cpe>
</suppress>
<suppress base="true">
   <notes><![CDATA[
   FP per issue #4940
   ]]></notes>
   <packageUrl regex="true">^pkg:maven/org\.apache\.flink/flink-hadoop-fs@.*$</packageUrl>
   <cpe>cpe:/a:apache:hadoop</cpe>
</suppress>
<suppress base="true">
   <notes><![CDATA[
   FP per issue #4931
   ]]></notes>
   <packageUrl regex="true">^pkg:maven/com\.azure\.resourcemanager/azure-resourcemanager-appplatform@.*$</packageUrl>
   <cpe>cpe:/a:microsoft:platform_sdk</cpe>
</suppress>
<suppress base="true">
   <notes><![CDATA[
   FP per issue #4720
   ]]></notes>
   <packageUrl regex="true">^pkg:maven/org\.clojure/data\.priority-map@.*$</packageUrl>
   <cpe>cpe:/a:priority-software:priority</cpe>
</suppress>
<suppress base="true">
   <notes><![CDATA[
   FP per issue #4693
   ]]></notes>
   <packageUrl regex="true">^pkg:maven/io\.zipkin\.reporter2/zipkin-reporter@.*$</packageUrl>
   <cpe>cpe:/a:pki-core_project:pki-core</cpe>
</suppress>
<suppress base="true">
   <notes><![CDATA[
   FP per issue #4692
   ]]></notes>
   <packageUrl regex="true">^pkg:maven/io\.zipkin\.zipkin2/zipkin@.*$</packageUrl>
   <cpe>cpe:/a:pki-core_project:pki-core</cpe>
</suppress>
<suppress base="true">
   <notes><![CDATA[
   FP per issue #4669
   ]]></notes>
   <packageUrl regex="true">^pkg:maven/org\.junit\.jupiter/junit-jupiter-engine@.*$</packageUrl>
   <cpe>cpe:/a:fan_platform_project:fan_platform</cpe>
</suppress>
<suppress base="true">
   <notes><![CDATA[
   FP per issue #4681
   ]]></notes>
   <packageUrl regex="true">^pkg:maven/com\.amazonaws/aws-java-sdk-prometheus@.*$</packageUrl>
   <cpe>cpe:/a:prometheus:prometheus</cpe>
</suppress>
<!-- suppressions above this entry will be included in the 7.4.0 release as the result of #5070 -->

<suppress base="true">
   <notes><![CDATA[
   FP per issue #5083
   ]]></notes>
   <packageUrl regex="true">^pkg:maven/com\.github\.pagehelper/pagehelper-spring-boot-autoconfigure@.*$</packageUrl>
   <cpe>cpe:/a:pagehelper_project:pagehelper</cpe>
</suppress>
<suppress base="true">
   <notes><![CDATA[
   FP per issue #4651
   ]]></notes>
   <packageUrl regex="true">^pkg:maven/org\.hibernate/hibernate-commons-annotations@.*$</packageUrl>
   <cpe>cpe:/a:hibernate:hibernate_orm</cpe>
</suppress>
<suppress base="true">
   <notes><![CDATA[
   FP per issue #5097
   ]]></notes>
   <packageUrl regex="true">^pkg:maven/software\.aws\.rds/aws-mysql-jdbc@.*$</packageUrl>
   <cpe>cpe:/a:mariadb:mariadb</cpe>
   <cpe>cpe:/a:mysql:mysql</cpe>
</suppress>
<suppress base="true">
   <notes><![CDATA[
   FP per issue #5108
   ]]></notes>
   <packageUrl regex="true">^pkg:maven/org\.jfrog\.artifactory\.client/artifactory-java-client-httpClient@.*$</packageUrl>
   <cpe>cpe:/a:jfrog:artifactory</cpe>
</suppress>
<suppress base="true">
   <notes><![CDATA[
   FP per issue #5107
   ]]></notes>
   <packageUrl regex="true">^pkg:maven/io\.opentracing\.contrib/opentracing-apache-httpclient@.*$</packageUrl>
   <cpe>cpe:/a:apache:httpclient</cpe>
</suppress>
<suppress base="true">
   <notes><![CDATA[
   FP per issue #4621
   ]]></notes>
   <packageUrl regex="true">^pkg:maven/org\.codehaus\.jackson/jackson-xc@.*$</packageUrl>
   <cpe>cpe:/a:fasterxml:jackson-databind</cpe>
</suppress>
<suppress base="true">
   <notes><![CDATA[
   FP per #5118
   ]]></notes>
   <sha1>5b8f86fea035328fc9e8c660773037a3401ce25f</sha1>
   <cpe regex="true">.*</cpe>
</suppress>
<suppress base="true">
   <notes><![CDATA[
   FP per issue #4575
   ]]></notes>
   <packageUrl regex="true">^pkg:maven/org\.wildfly\.wildfly-http-client/wildfly-http-ejb-client@.*$</packageUrl>
   <cpe>cpe:/a:redhat:jboss-ejb-client</cpe>
</suppress>
<!-- suppressions above this entry will be included in the 7.4.1 release -->


<suppress base="true">
   <notes><![CDATA[
   FP per issue #5131
   ]]></notes>
   <packageUrl regex="true">^pkg:maven/io\.zipkin\.zipkin2/zipkin-collector@.*$</packageUrl>
   <cpe>cpe:/a:pki-core_project:pki-core</cpe>
</suppress>
<suppress base="true">
   <notes><![CDATA[
   FP per issue #5162
   ]]></notes>
   <packageUrl regex="true">^pkg:maven/org\.jgroups\.kubernetes/jgroups-kubernetes@.*$</packageUrl>
   <cpe>cpe:/a:redhat:jgroups</cpe>
</suppress>
<suppress base="true">
   <notes><![CDATA[
   FP per issue #5171
   ]]></notes>
   <packageUrl regex="true">^pkg:maven/org\.apache\.james/queue-activemq-guice@.*$</packageUrl>
   <cpe>cpe:/a:apache:activemq</cpe>
</suppress>
<suppress base="true">
   <notes><![CDATA[
   FP per issue #5172
   ]]></notes>
   <packageUrl regex="true">^pkg:maven/io\.projectreactor\.rabbitmq/reactor-rabbitmq@.*$</packageUrl>
   <cpe>cpe:/a:vmware:rabbitmq</cpe>
</suppress>
<suppress base="true">
   <notes><![CDATA[
   FP per issue #5170
   ]]></notes>
   <packageUrl regex="true">^pkg:maven/org\.apache\.james/james-server-queue-activemq@.*$</packageUrl>
   <cpe>cpe:/a:apache:activemq</cpe>
</suppress>
<suppress base="true">
   <notes><![CDATA[
   FP per issue #5168
   ]]></notes>
   <packageUrl regex="true">^pkg:maven/org\.apache\.james/apache-jsieve-core@.*$</packageUrl>
   <cpe>cpe:/a:apache:james</cpe>
</suppress>
<!-- suppressions above this entry will be included in the 7.4.3 release (see #5191) -->
<suppress base="true">
  <notes><![CDATA[
  FP per issue #5213, CVEs for scripting pet projects
  ]]></notes>
  <packageUrl regex="true">^.*$</packageUrl>
  <cve>CVE-2021-4277</cve>
</suppress>
<suppress base="true">
  <notes><![CDATA[
      cpe:/a:yaml_project:yaml is a YAML implementation in Go #5233 and #5234
  ]]></notes>
  <filePath regex="true">.*(\.(dll|jar|ear|war|pom|nupkg|nuspec|aar)|pom\.xml|package.json|packages.config)$</filePath>
  <cpe>cpe:/a:yaml_project:yaml</cpe>
</suppress>
<!-- suppressions above this entry will be included in the next release (see #5237 and #5240) -->
<suppress base="true">
   <notes><![CDATA[
   FP per issue #5169
   ]]></notes>
   <packageUrl regex="true">^pkg:maven/com\.google\.crypto\.tink/apps-webpush@.*$</packageUrl>
   <cpe>cpe:/a:google:google_apps</cpe>
</suppress>
<suppress base="true">
   <notes><![CDATA[
   FP per issue #5212
   ]]></notes>
   <packageUrl regex="true">^pkg:maven/com\.github\.java-json-tools/json-patch@.*$</packageUrl>
   <cpe>cpe:/a:json-patch_project:json-patch</cpe>
</suppress>
<suppress base="true">
   <notes><![CDATA[
   FP per issue #5217
   ]]></notes>
   <packageUrl regex="true">^pkg:maven/net\.pwall\.json/json-pointer@.*$</packageUrl>
   <cpe>cpe:/a:json-pointer_project:json-pointer</cpe>
</suppress>
<suppress base="true">
   <notes><![CDATA[
   FP per issue #5275
   ]]></notes>
   <packageUrl regex="true">^pkg:maven/com\.graphql-java-kickstart/graphql-spring-boot-starter@.*$</packageUrl>
   <cpe>cpe:/a:graphql-java_project:graphql-java</cpe>
</suppress>
<suppress base="true">
   <notes><![CDATA[
   FP per issue #5276
   ]]></notes>
   <packageUrl regex="true">^pkg:maven/org\.apache\.hadoop\.thirdparty/hadoop-shaded-guava@.*$</packageUrl>
   <cpe>cpe:/a:apache:hadoop</cpe>
</suppress>
<suppress base="true">
   <notes><![CDATA[
   FP per issue #5278
   ]]></notes>
   <packageUrl regex="true">^pkg:maven/com\.datastax\.oss/native-protocol@.*$</packageUrl>
   <cpe>cpe:/a:apache:cassandra</cpe>
</suppress>
<suppress base="true">
   <notes><![CDATA[
   FP per issue #5280
   ]]></notes>
   <packageUrl regex="true">^pkg:maven/org\.apache\.camel/camel-ftp@.*$</packageUrl>
   <cpe>cpe:/a:ftp_project:ftp</cpe>
</suppress>
<suppress base="true">
   <notes><![CDATA[
   FP per issue #5253
   ]]></notes>
   <packageUrl regex="true">^pkg:npm/jsonpointer@.*$</packageUrl>
   <cpe>cpe:/a:json-pointer_project:json-pointer</cpe>
</suppress>
<suppress base="true">
   <notes><![CDATA[
   FP per issue #5252
   ]]></notes>
   <packageUrl regex="true">^pkg:maven/com\.google\.flatbuffers/flatbuffers-java@.*$</packageUrl>
   <cpe>cpe:/a:flat_project:flat</cpe>
</suppress>
<!-- suppressions above this entry will be included in the 8.0.0 release (see #5304) -->

<suppress base="true">
   <notes><![CDATA[
   FP per issue #5333
   ]]></notes>
   <packageUrl regex="true">^pkg:maven/com\.graphql-java-kickstart/graphql-kickstart-spring-support@.*$</packageUrl>
   <cpe>cpe:/a:graphql-java_project:graphql-java</cpe>
</suppress>
<suppress base="true">
   <notes><![CDATA[
   FP per issue #5336
   ]]></notes>
   <packageUrl regex="true">^pkg:maven/org\.openrewrite\.recipe/rewrite-jhipster@.*$</packageUrl>
   <cpe>cpe:/a:jhipster:jhipster</cpe>
</suppress>
<suppress base="true">
   <notes><![CDATA[
   FP per issue #5361
   ]]></notes>
   <packageUrl regex="true">^pkg:maven/jakarta\.resource/jakarta\.resource-api@.*$</packageUrl>
   <cpe>cpe:/a:payara:payara</cpe>
</suppress>
<suppress base="true">
   <notes><![CDATA[
   FP per issue #5373
   ]]></notes>
   <packageUrl regex="true">^pkg:maven/org\.locationtech\.spatial4j/spatial4j@.*$</packageUrl>
   <cpe>cpe:/a:voyager_project:voyager</cpe>
</suppress>
<suppress base="true">
   <notes><![CDATA[
   FP per issue #5372
   ]]></notes>
   <packageUrl regex="true">^pkg:maven/org\.locationtech\.spatial4j/spatial4j@.*$</packageUrl>
   <cpe>cpe:/a:smiley_project:smiley</cpe>
</suppress>
<suppress base="true">
   <notes><![CDATA[
   FP per issue #5380
   ]]></notes>
   <packageUrl regex="true">^pkg:maven/dev\.ludovic\.netlib/lapack@.*$</packageUrl>
   <cpe>cpe:/a:lapack_project:lapack</cpe>
</suppress>
<suppress base="true">
   <notes><![CDATA[
   FP per issue #5375
   ]]></notes>
   <packageUrl regex="true">^pkg:maven/org\.eclipse\.microprofile\.jwt/microprofile-jwt-auth-api@.*$</packageUrl>
   <cpe>cpe:/a:payara:payara</cpe>
</suppress>
<suppress base="true">
   <notes><![CDATA[
   FP per issue #5368
   ]]></notes>
   <packageUrl regex="true">^pkg:maven/org\.apache\.hadoop\.thirdparty/hadoop-shaded-protobuf_3_7@.*$</packageUrl>
   <cpe>cpe:/a:apache:hadoop</cpe>
</suppress>
<suppress base="true">
   <notes><![CDATA[
   FP per issue #5325
   ]]></notes>
   <packageUrl regex="true">^pkg:maven/com\.enterprisedt/edtFTPj@.*$</packageUrl>
   <cpe>cpe:/a:ftp_project:ftp</cpe>
</suppress>
<suppress base="true">
   <notes><![CDATA[
   FP per issue #5436
   ]]></notes>
   <packageUrl regex="true">^pkg:maven/org\.codehaus\.woodstox/stax2-api@.*$</packageUrl>
   <cpe>cpe:/a:fasterxml:woodstox</cpe>
</suppress>
<suppress base="true">
   <notes><![CDATA[
   FP per issue #5459
   ]]></notes>
   <packageUrl regex="true">^pkg:maven/com\.oracle\.database\.nls/orai18n@.*$</packageUrl>
   <cpe>cpe:/a:oracle:database</cpe>
</suppress>
<suppress base="true">
   <notes><![CDATA[
   FP per issue #5460
   ]]></notes>
   <packageUrl regex="true">^pkg:maven/com\.oracle\.database\.nls/orai18n@.*$</packageUrl>
   <cpe>cpe:/a:oracle:oracle_database</cpe>
</suppress>
<suppress base="true">
   <notes><![CDATA[
   FP per issue #5501
   ]]></notes>
   <packageUrl regex="true">^pkg:maven/org\.jsonschema2pojo/jsonschema2pojo-jdk-annotation@.*$</packageUrl>
   <cpe>cpe:/a:json-schema_project:json-schema</cpe>
</suppress>
<suppress base="true">
   <notes><![CDATA[
   FP per issue #5500
   ]]></notes>
   <packageUrl regex="true">^pkg:maven/org\.apache\.iceberg/iceberg-orc@.*$</packageUrl>
   <cpe>cpe:/a:apache:orc</cpe>
</suppress>
<suppress base="true">
   <notes><![CDATA[
   FP per issue #5499
   ]]></notes>
   <packageUrl regex="true">^pkg:maven/org\.apache\.iceberg/iceberg-flink-1\.15@.*$</packageUrl>
   <cpe>cpe:/a:apache:flink</cpe>
</suppress>
<suppress base="true">
   <notes><![CDATA[
   FP per issue #5498
   ]]></notes>
   <packageUrl regex="true">^pkg:maven/com\.googlecode\.javaewah/JavaEWAH@.*$</packageUrl>
   <cpe>cpe:/a:google:google_search</cpe>
</suppress>
<suppress base="true">
   <notes><![CDATA[
   FP per issue #5496
   ]]></notes>
   <packageUrl regex="true">^pkg:maven/org\.apache\.flink/flink-s3-fs-hadoop@.*$</packageUrl>
   <cpe>cpe:/a:apache:hadoop</cpe>
</suppress>
<suppress base="true">
   <notes><![CDATA[
   FP per issue #5492
   ]]></notes>
   <packageUrl regex="true">^pkg:maven/com\.microsoft\.azure/azure-cosmosdb-direct@.*$</packageUrl>
   <cpe>cpe:/a:microsoft:platform_sdk</cpe>
</suppress>
<suppress base="true">
   <notes><![CDATA[
   FP per issue #5491
   ]]></notes>
   <packageUrl regex="true">^pkg:maven/com\.microsoft\.azure/azure-cosmosdb@.*$</packageUrl>
   <cpe>cpe:/a:www-sql_project:www-sql</cpe>
</suppress>
<suppress base="true">
   <notes><![CDATA[
   FP per issue #5490
   ]]></notes>
   <packageUrl regex="true">^pkg:maven/com\.microsoft\.azure/azure-cosmosdb@.*$</packageUrl>
   <cpe>cpe:/a:async_project:async</cpe>
</suppress>
<suppress base="true">
   <notes><![CDATA[
   FP per issue #5471
   ]]></notes>
   <packageUrl regex="true">^pkg:maven/org\.apache\.spark/spark-token-provider-kafka-0-10_2\.12@.*$</packageUrl>
   <cpe>cpe:/a:apache:kafka</cpe>
</suppress>
<suppress base="true">
   <notes><![CDATA[
   FP per issue #5462
   ]]></notes>
   <packageUrl regex="true">^pkg:maven/org\.apache\.ws\.commons\.axiom/axiom-impl@.*$</packageUrl>
   <cpe>cpe:/a:web_project:web</cpe>
</suppress>
<suppress base="true">
   <notes><![CDATA[
   FP per issue #5461
   ]]></notes>
   <packageUrl regex="true">^pkg:maven/com\.github\.luben/zstd-jni@.*$</packageUrl>
   <cpe>cpe:/a:freebsd:freebsd</cpe>
</suppress>
<suppress base="true">
   <notes><![CDATA[
   FP per issue #5506
   ]]></notes>
   <packageUrl regex="true">^pkg:maven/io\.kamon/kamon-prometheus_2\.13@.*$</packageUrl>
   <cpe>cpe:/a:prometheus:prometheus</cpe>
</suppress>
<!-- suppressions above this line will be included in 8.1.1 by PR #5504 -->

<suppress base="true">
   <notes><![CDATA[
   FP per issue #5529
   ]]></notes>
   <packageUrl regex="true">^pkg:maven/com\.github\.dasniko/testcontainers-keycloak@.*$</packageUrl>
   <cpe>cpe:/a:keycloak:keycloak</cpe>
</suppress>
<suppress base="true">
   <notes><![CDATA[
   FP per issue #5540
   ]]></notes>
   <packageUrl regex="true">^pkg:maven/org\.apache\.kerby/zookeeper-backend@.*$</packageUrl>
   <cpe>cpe:/a:apache:zookeeper</cpe>
</suppress>
<suppress base="true">
   <notes><![CDATA[
   FP per issue #5593
   ]]></notes>
   <packageUrl regex="true">^pkg:maven/org\.apache\.camel\.springboot/camel-ftp-starter@.*$</packageUrl>
   <cpe>cpe:/a:ftp_project:ftp</cpe>
</suppress>
<suppress base="true">
   <notes><![CDATA[
   FP per issue #5592
   ]]></notes>
   <packageUrl regex="true">^pkg:maven/javax\.resource/connector@.*$</packageUrl>
   <cpe>cpe:/a:sun:j2ee</cpe>
</suppress>
<suppress base="true">
   <notes><![CDATA[
   FP per issue #5615
   ]]></notes>
   <packageUrl regex="true">^pkg:maven/org\.springframework\.cloud/spring-cloud-sleuth-autoconfigure@.*$</packageUrl>
   <cpe>cpe:/a:vmware:spring_cloud_config</cpe>
</suppress>
<suppress base="true">
   <notes><![CDATA[
   FP per issue #5618
   ]]></notes>
   <packageUrl regex="true">^pkg:maven/org\.jfrog\.artifactory\.client/artifactory-java-client-services@.*$</packageUrl>
   <cpe>cpe:/a:jfrog:artifactory</cpe>
</suppress>
<suppress base="true">
   <notes><![CDATA[
   FP per issue #5622
   ]]></notes>
   <packageUrl regex="true">^pkg:maven/net\.minidev/accessors-smart@.*$</packageUrl>
   <cpe>cpe:/a:json-smart_project:json-smart</cpe>
</suppress>
<suppress base="true">
   <notes><![CDATA[
   FP per issue #5629
   ]]></notes>
   <packageUrl regex="true">^pkg:maven/org\.springframework\.integration/spring-integration-ftp@.*$</packageUrl>
   <cpe>cpe:/a:vmware:spring_integration</cpe>
</suppress>
<suppress base="true">
   <notes><![CDATA[
   FP per issue #5636
   ]]></notes>
   <packageUrl regex="true">^pkg:maven/com\.graphql-java/graphql-java-extended-scalars@.*$</packageUrl>
   <cpe>cpe:/a:graphql-java:graphql-java</cpe>
</suppress>
<suppress base="true">
   <notes><![CDATA[
   FP per issue #5639
   ]]></notes>
   <packageUrl regex="true">^pkg:maven/com\.graphql-java-kickstart/graphql-java-tools@.*$</packageUrl>
   <cpe>cpe:/a:graphql-java:graphql-java</cpe>
</suppress>
<suppress base="true">
   <notes><![CDATA[
   FP per issue #5638
   ]]></notes>
   <packageUrl regex="true">^pkg:maven/com\.graphql-java-kickstart/graphql-java-servlet@.*$</packageUrl>
   <cpe>cpe:/a:graphql-java:graphql-java</cpe>
</suppress>
<suppress base="true">
   <notes><![CDATA[
   FP per issue #5637
   ]]></notes>
   <packageUrl regex="true">^pkg:maven/com\.graphql-java-kickstart/graphql-java-kickstart@.*$</packageUrl>
   <cpe>cpe:/a:graphql-java:graphql-java</cpe>
</suppress>
<suppress base="true">
   <notes><![CDATA[
   FP per issue #5657
   ]]></notes>
   <packageUrl regex="true">^pkg:maven/com\.graphql-java-kickstart/graphql-kickstart-spring-support@.*$</packageUrl>
   <cpe>cpe:/a:graphql-java:graphql-java</cpe>
</suppress>
<suppress base="true">
   <notes><![CDATA[
   FP per issue #5685
   ]]></notes>
   <packageUrl regex="true">^pkg:maven/org\.bouncycastle/bcpg-jdk15on@.*$</packageUrl>
   <cpe>cpe:/a:open_cas_project:open_cas</cpe>
</suppress>
<suppress base="true">
   <notes><![CDATA[
   FP per issue #5700
   ]]></notes>
   <packageUrl regex="true">^pkg:maven/org\.jboss\.resteasy\.microprofile/microprofile-config@.*$</packageUrl>
   <cpe>cpe:/a:redhat:resteasy</cpe>
</suppress>
<suppress base="true">
   <notes><![CDATA[
   FP per issue #5684
   ]]></notes>
   <packageUrl regex="true">^pkg:maven/org\.apache\.ignite/ignite-log4j2@.*$</packageUrl>
   <cpe>cpe:/a:apache:log4j</cpe>
</suppress>
<suppress base="true">
   <notes><![CDATA[
   FP per issue #5704
   ]]></notes>
   <packageUrl regex="true">^pkg:maven/org\.apache\.directory\.api/api-ldap-net-mina@.*$</packageUrl>
   <cpe>cpe:/a:apache:mina</cpe>
</suppress>
<suppress base="true">
   <notes><![CDATA[
   FP per issue #5719
   ]]></notes>
   <packageUrl regex="true">^pkg:maven/com\.graphql-java-kickstart/graphql-webclient@.*$</packageUrl>
   <cpe>cpe:/a:graphql-java:graphql-java</cpe>
</suppress>
<suppress base="true">
   <notes><![CDATA[
   FP per issue #5727
   ]]></notes>
   <packageUrl regex="true">^pkg:maven/io\.quarkiverse\.openapi\.generator/quarkus-openapi-generator@.*$</packageUrl>
   <cpe>cpe:/a:openapi-generator:openapi_generator</cpe>
</suppress>
<suppress base="true">
   <notes><![CDATA[
   FP per issue #5737
   ]]></notes>
   <packageUrl regex="true">^pkg:nuget/MagicFileEncoding@.*$</packageUrl>
   <cpe>cpe:/a:file_project:file</cpe>
</suppress>
<suppress base="true">
   <notes><![CDATA[
   FP per issue #5736
   ]]></notes>
   <packageUrl regex="true">^pkg:nuget/FluentFTP@.*$</packageUrl>
   <cpe>cpe:/a:ftp:ftp</cpe>
</suppress>
<suppress base="true">
   <notes><![CDATA[
   FP per issue #5734
   ]]></notes>
   <packageUrl regex="true">^pkg:nuget/KubernetesClient@.*$</packageUrl>
   <cpe>cpe:/a:kubernetes:kubernetes</cpe>
</suppress>
<suppress base="true">
   <notes><![CDATA[
   FP per issue #5742
   ]]></notes>
   <packageUrl regex="true">^pkg:maven/org\.apache\.sling/org\.apache\.sling\.commons\.johnzon@.*$</packageUrl>
   <cpe>cpe:/a:apache:sling_commons_json</cpe>
</suppress>
<suppress base="true">
   <notes><![CDATA[
   FP per issue #5749
   ]]></notes>
   <packageUrl regex="true">^pkg:nuget/AspNetCoreRateLimit\.Redis@.*$</packageUrl>
   <cpe>cpe:/a:asp-project:asp-project</cpe>
</suppress>
<suppress base="true">
   <notes><![CDATA[
   FP per issue #5754
   ]]></notes>
   <packageUrl regex="true">^pkg:maven/io\.swagger\.parser\.v3/swagger-parser-safe-url-resolver@.*$</packageUrl>
   <cpe>cpe:/a:parse-url_project:2.1.14</cpe>
</suppress>
<suppress base="true">
   <notes><![CDATA[
   FP per issue #5762
   ]]></notes>
   <packageUrl regex="true">^pkg:maven/org\.jruby/jzlib@.*$</packageUrl>
   <cpe>cpe:/a:jruby:jruby</cpe>
</suppress>
<suppress base="true">
   <notes><![CDATA[
   FP per issue #5753
   ]]></notes>
   <packageUrl regex="true">^pkg:maven/com\.bazaarvoice\.jolt/json-utils@.*$</packageUrl>
   <cpe>cpe:/a:utils_project:utils</cpe>
</suppress>
<suppress base="true">
   <notes><![CDATA[
   FP per issue #5765
   ]]></notes>
   <packageUrl regex="true">^pkg:maven/org\.springframework\.integration/spring-integration-ftp@.*$</packageUrl>
   <cpe>cpe:/a:ftp_project:ftp</cpe>
</suppress>
<suppress base="true">
   <notes><![CDATA[
   FP per issue #5766
   ]]></notes>
   <packageUrl regex="true">^pkg:maven/org\.mockftpserver/MockFtpServer@.*$</packageUrl>
   <cpe>cpe:/a:ftp_project:ftp</cpe>
</suppress>
<suppress base="true">
   <notes><![CDATA[
   FP per issue #5770
   ]]></notes>
   <packageUrl regex="true">^pkg:maven/com\.sun\.xml\.bind\.jaxb/isorelax@.*$</packageUrl>
   <cpe>cpe:/a:xml_library_project:xml_library</cpe>
</suppress>
<suppress base="true">
   <notes><![CDATA[
   FP per issue #5772 - taking into account same FP-risk for other RestEasy microprofile libraries
   retain this one and remove the following FP-automation suppression rule when merging into bundled
   suppressions
   ]]></notes>
   <packageUrl regex="true">^pkg:maven/org\.jboss\.resteasy\.microprofile/.*$</packageUrl>
   <cpe>cpe:/a:redhat:resteasy</cpe>
</suppress>

<suppress base="true">
   <notes><![CDATA[
   FP per issue #5772
   ]]></notes>
   <packageUrl regex="true">^pkg:maven/org\.jboss\.resteasy\.microprofile/microprofile-rest-client@.*$</packageUrl>
   <cpe>cpe:/a:redhat:resteasy</cpe>
</suppress>
<suppress base="true">
   <notes><![CDATA[
   FP per issue #5774
   ]]></notes>
   <packageUrl regex="true">^pkg:maven/org\.apache\.sling/org\.apache\.sling\.commons\.osgi@.*$</packageUrl>
   <cpe>cpe:/a:apache:sling</cpe>
</suppress>
<suppress base="true">
   <notes><![CDATA[
   FP per issue #5785
   ]]></notes>
   <packageUrl regex="true">^pkg:maven/cloud\.localstack/localstack-utils@.*$</packageUrl>
   <cpe>cpe:/a:utils_project:utils</cpe>
</suppress>
<suppress base="true">
   <notes><![CDATA[
   FP per issue #5788
   ]]></notes>
   <packageUrl regex="true">^pkg:nuget/Minio\.AspNetCore@.*$</packageUrl>
   <cpe>cpe:/a:minio:minio</cpe>
</suppress>
<suppress base="true">
   <notes><![CDATA[
   FP per issue #5781
   ]]></notes>
   <packageUrl regex="true">^pkg:maven/org\.apache\.thrift/libfb303@.*$</packageUrl>
   <cpe>cpe:/a:apache:thrift</cpe>
</suppress>
<suppress base="true">
   <notes><![CDATA[
   FP per issue #5777
   ]]></notes>
   <packageUrl regex="true">^pkg:nuget/RazorEngine\.NetCore@.*$</packageUrl>
   <cpe>cpe:/a:razorengine_project:razorengine</cpe>
</suppress>
<suppress base="true">
   <notes><![CDATA[
   FP per issue #5648
   ]]></notes>
   <packageUrl regex="true">^pkg:maven/io\.github\.graphql-java/graphql-java-annotations@.*$</packageUrl>
   <cpe>cpe:/a:graphql-java:graphql-java</cpe>
</suppress>
<suppress base="true">
   <notes><![CDATA[
   FP per issue #5643
   ]]></notes>
   <packageUrl regex="true">^pkg:maven/com\.graphql-java-kickstart/graphql-spring-boot-starter@.*$</packageUrl>
   <cpe>cpe:/a:graphql-java:graphql-java</cpe>
</suppress>
<suppress base="true">
   <notes><![CDATA[
   FP per issue #5641
   ]]></notes>
   <packageUrl regex="true">^pkg:maven/com\.graphql-java/java-dataloader@.*$</packageUrl>
   <cpe>cpe:/a:graphql-java:graphql-java</cpe>
</suppress>
<suppress base="true">
   <notes><![CDATA[
   FP per issue #5647
   ]]></notes>
   <packageUrl regex="true">^pkg:maven/com\.apollographql\.federation/federation-graphql-java-support-api@.*$</packageUrl>
   <cpe>cpe:/a:graphql-java:graphql-java</cpe>
</suppress>
<suppress base="true">
   <notes><![CDATA[
   FP per issue #5646
   ]]></notes>
   <packageUrl regex="true">^pkg:maven/com\.apollographql\.federation/federation-graphql-java-support@.*$</packageUrl>
   <cpe>cpe:/a:graphql-java:graphql-java</cpe>
</suppress>
<suppress base="true">
   <notes><![CDATA[
   FP per issue #5543
   ]]></notes>
   <packageUrl regex="true">^pkg:maven/org\.apache\.cxf/cxf-rt-bindings-soap@.*$</packageUrl>
   <cpe>cpe:/a:apache:soap</cpe>
</suppress>
<suppress base="true">
   <notes><![CDATA[
   FP per issue #5796
   ]]></notes>
   <packageUrl regex="true">^pkg:nuget/Microsoft\.Win32\.SystemEvents@.*$</packageUrl>
   <cpe>cpe:/a:events_project:events</cpe>
</suppress>
<suppress base="true">
   <notes><![CDATA[
   hand-curated better suppression for FP per issue #5797
   ]]></notes>
   <packageUrl regex="true">^(?!pkg:maven/net\.pwall\.json/jsonutil).*$</packageUrl>
   <cpe>cpe:/a:jsonutil_project:jsonutil</cpe>
</suppress>
<suppress base="true">
   <notes><![CDATA[
   hand-curated better FP suppression rule for issue #5794
   to be replacing the autmatic FP-OPS flow suppression that will follow behind it when taking it over to the
   bundled suppression-file
   ]]></notes>
   <packageUrl regex="true">^pkg:maven/com\.apollographql\.apollo3/.*$</packageUrl>
   <cpe>cpe:/a:apollo_project:apollo</cpe>
</suppress>

<suppress base="true">
   <notes><![CDATA[
   FP per issue #5794
   ]]></notes>
   <packageUrl regex="true">^pkg:maven/com\.apollographql\.apollo3/apollo-annotations-jvm@.*$</packageUrl>
   <cpe>cpe:/a:apollo_project:apollo</cpe>
</suppress>
<suppress base="true">
   <notes><![CDATA[
   FP per issue #5802
   ]]></notes>
   <packageUrl regex="true">^pkg:maven/com\.itextpdf\.licensing/licensing-base@.*$</packageUrl>
   <cpe>cpe:/a:itextpdf:itext</cpe>
</suppress>
<suppress base="true">
   <notes><![CDATA[
   FP per issue #5803
   ]]></notes>
   <packageUrl regex="true">^pkg:maven/com\.itextpdf\.licensing/licensing-remote@.*$</packageUrl>
   <cpe>cpe:/a:itextpdf:itext</cpe>
</suppress>
<suppress base="true">
   <notes><![CDATA[
   FP per issue #5821
   ]]></notes>
   <packageUrl regex="true">^pkg:npm/wordwrap@.*$</packageUrl>
   <cpe>cpe:/a:word-wrap_project:word-wrap</cpe>
</suppress>
<suppress base="true">
   <notes><![CDATA[
   FP per issue #5829
   ]]></notes>
   <packageUrl regex="true">^pkg:maven/com\.exactpro\.th2/netty-bytebuf-utils@.*$</packageUrl>
   <cpe>cpe:/a:utils_project:utils</cpe>
</suppress>
<suppress base="true">
   <notes><![CDATA[
   FP per issue #5830
   ]]></notes>
   <packageUrl regex="true">^pkg:maven/io\.github\.detekt\.sarif4k/sarif4k-jvm@.*$</packageUrl>
   <cpe>cpe:/a:detekt:detekt</cpe>
</suppress>
<suppress base="true">
   <notes><![CDATA[
   FP per issue #5843
   ]]></notes>
   <packageUrl regex="true">^pkg:maven/org\.apache\.avro/avro@.*$</packageUrl>
   <cpe>cpe:/a:avro_project:avro</cpe>
</suppress>
<suppress base="true">
   <notes><![CDATA[
   FP per issue #5846
   ]]></notes>
   <packageUrl regex="true">^pkg:maven/commons-logging/commons-logging@.*$</packageUrl>
   <cpe>cpe:/a:morgan_project:morgan</cpe>
</suppress>
<suppress base="true">
<notes><![CDATA[
   FP per issue #5854
   akka-grpc libraries are not part of the akka actor system
   ]]></notes>
<packageUrl regex="true">^pkg:maven/com\.lightbend\.akka\.grpc/.*$</packageUrl>
<cpe>cpe:/a:akka:akka</cpe>
<cpe>cpe:/a:lightbend:akka</cpe>
</suppress>
<suppress base="true">
<notes><![CDATA[
   FP per issue #5855;  akka-persistence-r2dbc is not part of the akka actor system projects
   ]]></notes>
<packageUrl regex="true">^pkg:maven/com\.lightbend\.akka/akka-persistence-r2dbc.*$</packageUrl>
<cpe>cpe:/a:akka:akka</cpe>
<cpe>cpe:/a:lightbend:akka</cpe>
</suppress>
<suppress base="true">
<notes><![CDATA[
   FP per issues #5857, #5856; akka-projection projects are not part of the akka actor system projects
   ]]></notes>
<packageUrl regex="true">^pkg:maven/com\.lightbend\.akka/akka-projection-.*$</packageUrl>
<cpe>cpe:/a:akka:akka</cpe>
<cpe>cpe:/a:lightbend:akka</cpe>
</suppress>
<suppress base="true">
<notes><![CDATA[
   Optimized suppression for FP per issue #5859
   The suppression following this for the same FP issue from FP-report automation bot
   can be discarded when bringing the suppressions into the package suppressions file.
   ]]></notes>
<packageUrl regex="true">^pkg:maven/org\.apache\.jackrabbit/oak-.*$</packageUrl>
<cpe>cpe:/a:apache:jackrabbit</cpe>
</suppress>
<suppress base="true">
   <notes><![CDATA[
   FP per issue #5859
   ]]></notes>
   <packageUrl regex="true">^pkg:maven/org\.apache\.jackrabbit/oak-core@.*$</packageUrl>
   <cpe>cpe:/a:apache:jackrabbit</cpe>
</suppress>
<suppress base="true">
   <notes><![CDATA[
   FP per issue #5860
   ]]></notes>
   <packageUrl regex="true">^pkg:maven/com\.vaadin/vaadin-swing-kit-flow@.*$</packageUrl>
   <cpe>cpe:/a:vaadin:flow</cpe>
</suppress>
<suppress base="true">
   <notes><![CDATA[
   FP per issue #5864
   ]]></notes>
   <packageUrl regex="true">^pkg:maven/org\.apache\.sling/org\.apache\.sling\.commons\.johnzon@.*$</packageUrl>
   <cpe>cpe:/a:apache:sling</cpe>
</suppress>
<suppress base="true">
   <notes><![CDATA[
   FP per issue #5879
   ]]></notes>
   <packageUrl regex="true">^pkg:maven/io\.netty\.incubator/netty-incubator-codec-classes-quic@.*$</packageUrl>
   <cpe>cpe:/a:quic_project:quic</cpe>
</suppress>
<suppress base="true">
   <notes><![CDATA[
   FP per issue #5883
   ]]></notes>
   <packageUrl regex="true">^pkg:maven/org\.apache\.geronimo\.specs/geronimo-saaj_1\.3_spec@.*$</packageUrl>
   <cpe>cpe:/a:apache:soap</cpe>
</suppress>
<suppress base="true">
   <notes><![CDATA[
   FP per issue #5880
   ]]></notes>
   <packageUrl regex="true">^pkg:maven/org\.ops4j\.pax\.logging/pax-logging-log4j2@.*$</packageUrl>
   <cpe>cpe:/a:apache:log4j</cpe>
</suppress>
<suppress base="true">
   <notes><![CDATA[
   FP per issue #5888
   ]]></notes>
   <packageUrl regex="true">^pkg:maven/software\.amazon\.awssdk\.crt/aws-crt@.*$</packageUrl>
   <cpe>cpe:/a:amazon:aws-sdk-java</cpe>
</suppress>
<!-- suppressions above this line will be included in 8.4.0  -->

<suppress base="true">
   <notes><![CDATA[
   FP per issue #5904
   ]]></notes>
   <packageUrl regex="true">^pkg:maven/com\.adobe\.cq/core\.wcm\.components\.core@.*$</packageUrl>
   <cpe>cpe:/a:adobe:download_manager</cpe>
</suppress>
<suppress base="true">
   <notes><![CDATA[
   FP per issue #5905
   ]]></notes>
   <packageUrl regex="true">^pkg:maven/com\.adobe\.cq/core\.wcm\.components\.core@.*$</packageUrl>
   <cpe>cpe:/a:adobe:experience_manager</cpe>
</suppress>
<suppress base="true">
   <notes><![CDATA[
   FP per issue #5906
   ]]></notes>
   <packageUrl regex="true">^pkg:maven/com\.adobe\.cq/core\.wcm\.components\.core@.*$</packageUrl>
   <cpe>cpe:/a:adobe:experience_manager_forms</cpe>
</suppress>
<suppress base="true">
   <notes><![CDATA[
   FP per issue #5908
   ]]></notes>
   <packageUrl regex="true">^pkg:maven/com\.adobe\.cq/core\.wcm\.components\.core@.*$</packageUrl>
   <cpe>cpe:/a:adobe:form_client</cpe>
</suppress>
<suppress base="true">
   <notes><![CDATA[
   FP per issue #5909
   ]]></notes>
   <packageUrl regex="true">^pkg:maven/com\.adobe\.cq/core\.wcm\.components\.core@.*$</packageUrl>
   <cpe>cpe:/a:list_site_pro:list_site_pro</cpe>
</suppress>
<suppress base="true">
   <notes><![CDATA[
   FP per issue #5910
   ]]></notes>
   <packageUrl regex="true">^pkg:maven/com\.adobe\.cq/core\.wcm\.components\.core@.*$</packageUrl>
   <cpe>cpe:/a:oembed_project:oembed</cpe>
</suppress>
<suppress base="true">
   <notes><![CDATA[
   FP per issue #5911
   ]]></notes>
   <packageUrl regex="true">^pkg:maven/com\.adobe\.cq/core\.wcm\.components\.core@.*$</packageUrl>
   <cpe>cpe:/a:xml_library_project:xml_library</cpe>
</suppress>
<suppress base="true">
   <notes><![CDATA[
   FP per issue #5916
   ]]></notes>
   <packageUrl regex="true">^pkg:maven/org\.springframework\.plugin/spring-plugin-core@.*$</packageUrl>
   <cpe>cpe:/a:vmware:spring</cpe>
</suppress>
<suppress base="true">
   <notes><![CDATA[
   FP per issue #5915 - suppress the CVE only to avoid clash when cpe:/a:vmware:spring were to get broader use
   ]]></notes>
   <packageUrl regex="true">^pkg:maven/org\.springframework(?!\.kafka).*$</packageUrl>
   <cve>CVE-2023-34040</cve>
</suppress>
<suppress base="true">
   <notes><![CDATA[
   FP per issue #5932
   ]]></notes>
   <packageUrl regex="true">^pkg:maven/org\.logback-extensions/logback-ext-spring@.*$</packageUrl>
   <cpe>cpe:/a:qos:logback</cpe>
</suppress>
<suppress base="true">
   <notes><![CDATA[
   FP per issue #5948
   ]]></notes>
   <packageUrl regex="true">^pkg:npm/mysql@.*$</packageUrl>
   <cpe>cpe:/a:mysql:mysql</cpe>
</suppress>
<suppress base="true">
   <notes><![CDATA[
   FP per issue #5913
   ]]></notes>
   <packageUrl regex="true">^pkg:maven/io\.projectreactor\.netty\.incubator/reactor-netty-incubator-quic@.*$</packageUrl>
   <cpe>cpe:/a:quic_project:quic</cpe>
</suppress>
<suppress base="true">
   <notes><![CDATA[
   FP per issue #5958
   ]]></notes>
   <packageUrl regex="true">^pkg:maven/net\.rossillo\.mvc\.cache/spring-mvc-cache-control@.*$</packageUrl>
   <cpe>cpe:/a:spring:spring</cpe>
</suppress>
<suppress base="true">
   <notes><![CDATA[
   FP per issue #5961
   ]]></notes>
   <packageUrl regex="true">^pkg:maven/ch\.qos\.logback\.contrib/logback-json-core@.*$</packageUrl>
   <cpe>cpe:/a:json-c:json-c</cpe>
</suppress>
<suppress base="true">
   <notes><![CDATA[
   FP per issue #5956
   ]]></notes>
   <packageUrl regex="true">^pkg:maven/io\.netty\.incubator/netty-incubator-codec-native-quic@.*$</packageUrl>
   <cpe>cpe:/a:quic_project:quic</cpe>
</suppress>
<suppress base="true">
   <notes><![CDATA[
   FP per issue #5966
   ]]></notes>
   <packageUrl regex="true">^pkg:maven/ch\.qos\.logback\.contrib/logback-json-classic@.*$</packageUrl>
   <cpe>cpe:/a:json-c:json-c</cpe>
</suppress>
<suppress base="true">
   <notes><![CDATA[
   FP per issue #5953
   ]]></notes>
   <packageUrl regex="true">^pkg:maven/io\.asyncer/r2dbc-mysql@.*$</packageUrl>
   <cpe>cpe:/a:mysql:mysql</cpe>
</suppress>
<suppress base="true">
   <notes><![CDATA[
   FP per issue #5968
   ]]></notes>
   <packageUrl regex="true">^pkg:maven/io\.netty\.incubator/netty-incubator-codec-native-quic@.*$</packageUrl>
   <cpe>cpe:/a:chromium_project:chromium</cpe>
</suppress>
<suppress base="true">
   <notes><![CDATA[
   FP per issue #5967
   ]]></notes>
   <packageUrl regex="true">^pkg:maven/io\.netty\.incubator/netty-incubator-codec-native-quic@.*$</packageUrl>
   <cpe>cpe:/a:chromium:chromium</cpe>
</suppress>
<suppress base="true">
   <notes><![CDATA[
   FP per issue #5939
   ]]></notes>
   <packageUrl regex="true">^pkg:maven/xalan/xalan@.*$</packageUrl>
   <cpe>cpe:/a:apache:commons_bcel</cpe>
</suppress>
<suppress base="true">
   <notes><![CDATA[
   FP per issue #6088
   ]]></notes>
   <packageUrl regex="true">^pkg:nuget/CommandLineParser@.*$</packageUrl>
   <cpe>cpe:/a:line:line</cpe>
</suppress>
<suppress base="true">
   <notes><![CDATA[
   FP per issue #6056
   ]]></notes>
   <packageUrl regex="true">^pkg:nuget/Serilog\.Sinks\.Async@.*$</packageUrl>
   <cpe>cpe:/a:async_project:async</cpe>
</suppress>
<suppress base="true">
   <notes><![CDATA[
   FP per issue #6041
   ]]></notes>
   <packageUrl regex="true">^pkg:maven/org\.flywaydb/flyway-database-postgresql@.*$</packageUrl>
   <cpe>cpe:/a:postgresql:postgresql</cpe>
</suppress>
<suppress base="true">
   <notes><![CDATA[
   FP per issue #6038
   ]]></notes>
   <packageUrl regex="true">^pkg:maven/net\.lbruun\.springboot/preliquibase-spring-boot-starter@.*$</packageUrl>
   <cpe>cpe:/a:liquibase:liquibase</cpe>
</suppress>
<suppress base="true">
   <notes><![CDATA[
   FP per issue #6138 and #6139
   ]]></notes>
   <packageUrl regex="true">^pkg:maven/rubygems/.*@.*$</packageUrl>
   <cpe>cpe:/a:rubygems:rubygems</cpe>
</suppress>
<suppress base="true">
   <notes><![CDATA[
   FP per issue #6170
   ]]></notes>
   <packageUrl regex="true">^pkg:maven/org\.apache\.parquet/parquet-avro@.*$</packageUrl>
   <cpe>cpe:/a:apache:avro</cpe>
</suppress>
<suppress base="true">
   <notes><![CDATA[
   FP per issue #6169
   ]]></notes>
   <packageUrl regex="true">^pkg:maven/commons-net/commons-net@.*$</packageUrl>
   <cpe>cpe:/a:ftp_project:ftp</cpe>
</suppress>
<suppress base="true">
   <notes><![CDATA[
   FP per issue #6313
   ]]></notes>
   <packageUrl regex="true">^pkg:maven/org\.apache\.camel/camel-reactive-executor-tomcat@.*$</packageUrl>
   <cpe>cpe:/a:apache_tomcat:apache_tomcat</cpe>
</suppress>
<suppress base="true">
   <notes><![CDATA[
   FP per issue #6286
   ]]></notes>
   <packageUrl regex="true">^pkg:maven/info\.picocli/picocli@.*$</packageUrl>
   <cpe>cpe:/a:line:line</cpe>
</suppress>
<suppress base="true">
   <notes><![CDATA[
   FP per issue #6242
   ]]></notes>
   <packageUrl regex="true">^pkg:maven/org\.jruby\.rack/jruby-rack@.*$</packageUrl>
   <cpe>cpe:/a:rack_project:rack</cpe>
</suppress>
<suppress base="true">
   <notes><![CDATA[
   FP per issue #6199
   ]]></notes>
   <packageUrl regex="true">^pkg:maven/io\.r2dbc/r2dbc-mssql@.*$</packageUrl>
   <cpe>cpe:/a:microsoft:sql_server</cpe>
</suppress>
<suppress base="true">
   <notes><![CDATA[
   FP per issue #6031
   ]]></notes>
   <packageUrl regex="true">^pkg:maven/org\.thymeleaf\.extras/thymeleaf-extras-java8time@.*$</packageUrl>
   <cpe>cpe:/a:thymeleaf:thymeleaf</cpe>
</suppress>
<suppress base="true">
   <notes><![CDATA[
   FP per issue #6340
   ]]></notes>
   <packageUrl regex="true">^pkg:maven/com\.idealista/format-preserving-encryption@.*$</packageUrl>
   <cpe>cpe:/a:vega_project:vega</cpe>
</suppress>
<suppress base="true">
   <notes><![CDATA[
   FP per issue #6367
   ]]></notes>
   <packageUrl regex="true">^pkg:maven/org\.keycloak/keycloak-model-infinispan@.*$</packageUrl>
   <cpe>cpe:/a:infinispan:infinispan</cpe>
</suppress>
<suppress base="true">
   <notes><![CDATA[
   FP per issue #6369
   ]]></notes>
   <packageUrl regex="true">^pkg:maven/org\.wildfly\.security\.elytron-web/undertow-server@.*$</packageUrl>
   <cpe>cpe:/a:web_project:web</cpe>
</suppress>
<suppress base="true">
   <notes><![CDATA[
   FP per issue #6368
   ]]></notes>
   <packageUrl regex="true">^pkg:maven/org\.jgroups\.azure/jgroups-azure@.*$</packageUrl>
   <cpe>cpe:/a:redhat:jgroups</cpe>
</suppress>
<suppress base="true">
   <notes><![CDATA[
   FP per issue #6459
   ]]></notes>
   <packageUrl regex="true">^pkg:maven/com\.bornium/oauth2-openid@.*$</packageUrl>
   <cpe>cpe:/a:openid:openid</cpe>
</suppress>
<suppress base="true">
   <notes><![CDATA[
   FP per issue #6460
   ]]></notes>
   <packageUrl regex="true">^pkg:maven/org\.hsqldb/hsqldb@.*$</packageUrl>
   <cpe>cpe:/a:hyper:hyper</cpe>
</suppress>
<suppress base="true">
   <notes><![CDATA[
   FP per issue #6421
   ]]></notes>
   <packageUrl regex="true">^pkg:maven/io\.swagger/swagger-parser-safe-url-resolver@.*$</packageUrl>
   <cpe>cpe:/a:parse-url_project:parse-url</cpe>
</suppress>
<suppress base="true">
   <notes><![CDATA[
   FP per issue #6408
   ]]></notes>
   <packageUrl regex="true">^pkg:maven/org\.jboss\.activemq\.artemis\.integration/artemis-wildfly-integration@.*$</packageUrl>
   <cpe>cpe:/a:redhat:wildfly</cpe>
</suppress>
<suppress base="true">
   <notes><![CDATA[
   FP per issue #6482
   ]]></notes>
   <packageUrl regex="true">^pkg:npm/bare-os@.*$</packageUrl>
   <cpe>cpe:/a:bareos:bareos</cpe>
</suppress>
<suppress base="true">
   <notes><![CDATA[
   FP per issue #6463
   ]]></notes>
   <packageUrl regex="true">^pkg:maven/io\.ktor/ktor-server-metrics-micrometer-jvm@.*$</packageUrl>
   <cpe>cpe:/a:csm_server_project:csm_server</cpe>
</suppress>
<suppress base="true">
   <notes><![CDATA[
   FP per issue #6538
   ]]></notes>
   <packageUrl regex="true">^pkg:maven/org\.apache\.camel\.quarkus/camel-quarkus-core@.*$</packageUrl>
   <cpe>cpe:/a:apache:camel</cpe>
</suppress>
<!-- suppressions above this line will be included in 9.1.1 -->
<suppress base="true">
   <notes><![CDATA[
   FP per issue #6388
   ]]></notes>
   <packageUrl regex="true">^pkg:maven/org\.apache\.rat/apache-rat@.*$</packageUrl>
   <cpe>cpe:/a:line:line</cpe>
</suppress>
<suppress base="true">
   <notes><![CDATA[
   FP per issue #6385
   ]]></notes>
   <packageUrl regex="true">^pkg:nuget/MagicFileEncoding@.*$</packageUrl>
   <cpe>cpe:/a:file:file</cpe>
</suppress>
<suppress base="true">
   <notes><![CDATA[
   FP per issue #6376
   ]]></notes>
   <packageUrl regex="true">^pkg:nuget/MongoDB\.Bson@.*$</packageUrl>
   <cpe>cpe:/a:mongodb:mongodb</cpe>
</suppress>
<suppress base="true">
   <notes><![CDATA[
   FP per issue #6595
   ]]></notes>
   <packageUrl regex="true">^pkg:maven/io\.opentelemetry\.contrib/opentelemetry-prometheus-client-bridge@.*$</packageUrl>
   <cpe>cpe:/a:prometheus:prometheus</cpe>
</suppress>
<suppress base="true">
   <notes><![CDATA[
   FP per issue #6613
   ]]></notes>
   <packageUrl regex="true">^pkg:maven/org\.springframework\.batch\.extensions/spring-batch-excel@.*$</packageUrl>
   <cpe>cpe:/a:pivotal_software:spring_batch</cpe>
</suppress>
<suppress base="true">
   <notes><![CDATA[
   hand-curated better suppression for FP per issues #6626, #7015, #7019, #7020, #7021, #7022
   ]]></notes>
   <packageUrl regex="true">^pkg:maven/org\.glassfish(?!\.main).*$</packageUrl>
   <cpe>cpe:/a:eclipse:glassfish</cpe>
</suppress>
<suppress base="true">
   <notes><![CDATA[
      FP per issue #6507
      ]]></notes>
   <packageUrl regex="true">^pkg:maven/org\.apache\.shiro\.crypto/shiro.*@2.0.0$</packageUrl>
   <cve>CVE-2023-34478</cve>
   <cve>CVE-2023-46749</cve>
   <cve>CVE-2023-46750</cve>
</suppress>
<suppress base="true">
   <notes><![CDATA[
      FP per issue #6507
      ]]></notes>
   <packageUrl regex="true">^pkg:maven/org\.apache\.shiro/shiro.*@2.0.0$</packageUrl>
   <cve>CVE-2023-34478</cve>
   <cve>CVE-2023-46749</cve>
   <cve>CVE-2023-46750</cve>
</suppress>
<suppress base="true">
<notes><![CDATA[
FP per issue #6438
only pkg:maven/org.clojure:clojure@.* is the CPE cpe:/a:clojure:clojure
]]></notes>
<packageUrl regex="true">^pkg:(?!maven/org\.clojure/clojure@).*$</packageUrl>
<cpe>cpe:/a:clojure:clojure</cpe>
</suppress>
<suppress base="true">
   <notes><![CDATA[
   FP per issue #6415
   ]]></notes>
   <packageUrl regex="true">^pkg:maven/io\.pivotal\.cfenv/java-cfenv@.*$</packageUrl>
   <cpe>cpe:/a:vmware:spring_framework</cpe>
</suppress>
<suppress base="true">
   <notes><![CDATA[
   FP per issue #6631
   ]]></notes>
   <packageUrl regex="true">^pkg:maven/io\.pivotal\.cfenv/java-cfenv-jdbc@.*$</packageUrl>
   <cpe>cpe:/a:vmware:spring_framework</cpe>
</suppress>
<suppress base="true">
   <notes><![CDATA[
   FP per issue #6632
   ]]></notes>
   <packageUrl regex="true">^pkg:maven/io\.pivotal\.cfenv/java-cfenv-boot@.*$</packageUrl>
   <cpe>cpe:/a:vmware:spring_framework</cpe>
</suppress>
<suppress base="true">
   <notes><![CDATA[
   FP per issue #6640
   ]]></notes>
   <packageUrl regex="true">^pkg:maven/org\.togglz/togglz-mongodb@.*$</packageUrl>
   <cpe>cpe:/a:mongodb:mongodb</cpe>
</suppress>
<suppress base="true">
   <notes><![CDATA[
   FP per issue #6662
   ]]></notes>
   <packageUrl regex="true">^pkg:nuget/dbup-postgresql@.*$</packageUrl>
   <cpe>cpe:/a:postgresql:postgresql</cpe>
</suppress>
<suppress base="true">
   <notes><![CDATA[
   FP per issue #6666, #6798, #6812
   ]]></notes>
   <packageUrl regex="true">^pkg:maven/org\.eclipse\.jetty\.toolchain/.*@.*$</packageUrl>
   <cpe>cpe:/a:jetty:jetty</cpe>
   <cpe>cpe:/a:eclipse:jetty</cpe>
</suppress>
<suppress base="true">
   <notes><![CDATA[
   FP per issue #6696
   ]]></notes>
   <packageUrl regex="true">^pkg:maven/org\.lz4/lz4-java@.*$</packageUrl>
   <cpe>cpe:/a:lz4_project:lz4</cpe>
</suppress>
<suppress base="true">
   <notes><![CDATA[
   FP per issue #6695
   ]]></notes>
   <packageUrl regex="true">^pkg:maven/org\.apache\.logging\.log4j/log4j-slf4j2-impl@.*$</packageUrl>
   <cpe>cpe:/a:log4js_project:log4js</cpe>
</suppress>
<suppress base="true">
   <notes><![CDATA[
   FP per issue #6694
   ]]></notes>
   <packageUrl regex="true">^pkg:maven/io\.ktor/ktor-server-call-logging-jvm@.*$</packageUrl>
   <cpe>cpe:/a:call_project:call</cpe>
</suppress>
<suppress base="true">
   <notes><![CDATA[
   FP per issue #6693
   ]]></notes>
   <packageUrl regex="true">^pkg:maven/io\.ktor/ktor-client-content-negotiation-jvm@.*$</packageUrl>
   <cpe>cpe:/a:content_project:content</cpe>
</suppress>
<suppress base="true">
   <notes><![CDATA[
   FP per issue #6692
   ]]></notes>
   <packageUrl regex="true">^pkg:maven/org\.hibernate\.validator/hibernate-validator@.*$</packageUrl>
   <cpe>cpe:/a:validator_project:validator</cpe>
</suppress>
<suppress base="true">
<notes><![CDATA[
       FP per issue #6257
       ]]></notes>
<packageUrl regex="true">^pkg:generic/Mono.Cecil@.*$</packageUrl>
<cpe>cpe:/a:cecil:cecil</cpe>
</suppress>
<suppress base="true">
   <notes><![CDATA[
   FP per issue #6711
   ]]></notes>
   <packageUrl regex="true">^pkg:maven/com\.google\.http-client/google-http-client-protobuf@.*$</packageUrl>
   <cpe>cpe:/a:google:protobuf-java</cpe>
</suppress>
<suppress base="true">
   <notes><![CDATA[
   FP per issue #6707
   ]]></notes>
   <packageUrl regex="true">^pkg:maven/io\.prometheus/prometheus-metrics-model@.*$</packageUrl>
   <cpe>cpe:/a:model_project:model</cpe>
</suppress>
<suppress base="true">
   <notes><![CDATA[
   FP per issue #6701
   ]]></notes>
   <packageUrl regex="true">^pkg:maven/io\.zipkin\.contrib\.brave-propagation-w3c/brave-propagation-tracecontext@.*$</packageUrl>
   <cpe>cpe:/a:brave:brave</cpe>
</suppress>
<suppress base="true">
   <notes><![CDATA[
   FP per issue #6700
   ]]></notes>
   <packageUrl regex="true">^pkg:maven/io\.micrometer/micrometer-tracing-bridge-brave@.*$</packageUrl>
   <cpe>cpe:/a:brave:brave</cpe>
</suppress>
<suppress base="true">
<notes><![CDATA[
   FP per issue #6743
   ]]></notes>
<packageUrl regex="true">^pkg:maven/org\.junit\..*/junit-.*@.*$</packageUrl>
<cpe>cpe:/a:1e:platform</cpe>
</suppress>
<suppress base="true">
   <notes><![CDATA[
   FP per issue #6725
   ]]></notes>
   <packageUrl regex="true">^pkg:maven/org\.springframework\.boot/spring-boot-jarmode-tools@.*$</packageUrl>
   <cpe>cpe:/a:vmware:tools</cpe>
</suppress>
<suppress base="true">
   <notes><![CDATA[
   FP per issue #6757 + manual improvement for related
   ]]></notes>
   <packageUrl regex="true">^pkg:maven/org\.apache\.sandesha2/sandesha2.*$</packageUrl>
   <cpe>cpe:/a:apache:axis2</cpe>
   <cpe>cpe:/a:apache:axis</cpe>
</suppress>
<suppress base="true">
   <notes><![CDATA[
   FP per issue #6829
   ]]></notes>
   <packageUrl regex="true">^pkg:maven/org\.eclipse\.jetty/jetty-openid@.*$</packageUrl>
   <cpe>cpe:/a:openid:openid</cpe>
</suppress>
<suppress base="true">
   <notes><![CDATA[
   FP per issue #6858
   ]]></notes>
   <packageUrl regex="true">^pkg:maven/org\.springframework\.security/spring-security-oauth2-resource-server@.*$</packageUrl>
   <cpe>cpe:/a:vmware:server</cpe>
</suppress>
<suppress base="true">
   <notes><![CDATA[
   FP per issue #6856
   ]]></notes>
   <packageUrl regex="true">^pkg:maven/org\.springframework\.security/spring-security-oauth2-authorization-server@.*$</packageUrl>
   <cpe>cpe:/a:oauth2-server_project:oauth2-server</cpe>
</suppress>
<suppress base="true">
   <notes><![CDATA[
   FP per issue #6855
   ]]></notes>
   <packageUrl regex="true">^pkg:maven/commons-validator/commons-validator@.*$</packageUrl>
   <cpe>cpe:/a:validator_project:validator</cpe>
</suppress>
<suppress base="true">
   <notes><![CDATA[
   FP per issue #6886
   ]]></notes>
   <packageUrl regex="true">^pkg:maven/io\.pivotal\.cfenv/java-cfenv-boot@.*$</packageUrl>
   <cpe>cpe:/a:vmware:spring_boot</cpe>
</suppress>
<suppress base="true">
   <notes><![CDATA[
   FP per issue #6906
   ]]></notes>
   <packageUrl regex="true">^pkg:maven/org\.jeecgframework/autopoi-web@.*$</packageUrl>
   <cpe>cpe:/a:web_project:web</cpe>
</suppress>
<suppress base="true">
   <notes><![CDATA[
   FP per issue #6901
   ]]></notes>
   <packageUrl regex="true">^pkg:maven/com\.yahoo\.datasketches/sketches-core@.*$</packageUrl>
   <cpe>cpe:/a:sketch:sketch</cpe>
</suppress>
<suppress base="true">
   <notes><![CDATA[
   FP per issue #6874
   ]]></notes>
   <packageUrl regex="true">^pkg:maven/org\.springframework\.boot/spring-boot-starter-cache@.*$</packageUrl>
   <cpe>cpe:/a:cache_project:cache</cpe>
</suppress>
<suppress base="true">
   <notes><![CDATA[
   FP per issue #6873
   ]]></notes>
   <packageUrl regex="true">^pkg:maven/javax\.cache/cache-api@.*$</packageUrl>
   <cpe>cpe:/a:cache_project:cache</cpe>
</suppress>

<suppress base="true">
   <notes><![CDATA[
   FP per issue #6838
   ]]></notes>
   <packageUrl regex="true">^pkg:maven/com\.azure/azure-core-http-netty@.*$</packageUrl>
   <cpe>cpe:/a:microsoft:azure_cli</cpe>
</suppress>
<suppress base="true">
   <notes><![CDATA[
   FP per issue #6837
   ]]></notes>
   <packageUrl regex="true">^pkg:maven/com\.azure/azure-core@.*$</packageUrl>
   <cpe>cpe:/a:microsoft:azure_cli</cpe>
</suppress>
<suppress base="true">
   <notes><![CDATA[
   FP per issue #6925
   ]]></notes>
   <packageUrl regex="true">^pkg:maven/org\.tukaani/xz@.*$</packageUrl>
   <cpe>cpe:/a:tukaani:xz</cpe>
</suppress>
<suppress base="true">
   <notes><![CDATA[
   FP per issue #6926
   ]]></notes>
   <packageUrl regex="true">^pkg:maven/org\.bouncycastle/bc(pg)?-fips@.*$</packageUrl>
   <cpe>cpe:/a:bouncycastle:legion-of-the-bouncy-castle</cpe>
</suppress>
<suppress base="true">
   <notes><![CDATA[
   FP per issue #6854
   ]]></notes>
   <packageUrl regex="true">^pkg:maven/org\.bouncycastle/bc(pg)?-fips@.*$</packageUrl>
   <cpe>cpe:/a:bouncycastle:bouncy_castle_for_java</cpe>
</suppress>
<suppress base="true">
   <notes><![CDATA[
   FP per issue #6839
   ]]></notes>
   <packageUrl regex="true">^pkg:maven/commons-discovery/commons-discovery@.*$</packageUrl>
   <cpe>cpe:/a:spirit-project:spirit</cpe>
</suppress>
<suppress base="true">
   <notes><![CDATA[
   cpe:/a:services_project:services is Drupal services module in PHP #6448
   ]]></notes>
   <filePath regex="true">.*(\.(dll|jar|ear|war|pom|nupkg|nuspec|aar)|pom\.xml|package.json|packages.config)$</filePath>
   <cpe>cpe:/a:services_project:services</cpe>
</suppress>
<suppress base="true">
   <notes><![CDATA[
   FP per issue #6851
   ]]></notes>
   <packageUrl regex="true">^pkg:maven/io\.github\.reactivecircus\.cache4k/cache4k-jvm@.*$</packageUrl>
   <cpe>cpe:/a:cache_project:cache</cpe>
</suppress>
<suppress base="true">
   <notes><![CDATA[
   FP per issue #6967
   ]]></notes>
   <packageUrl regex="true">^pkg:maven/org\.jmdns/jmdns@.*$</packageUrl>
   <cpe>cpe:/a:openhab:openhab</cpe>
</suppress>
<suppress base="true">
   <notes><![CDATA[
   FP per issue #6992
   ]]></notes>
   <packageUrl regex="true">^pkg:maven/com\.azure/azure-identity@.*$</packageUrl>
   <cpe>cpe:/a:microsoft:azure_cli</cpe>
</suppress>
<suppress base="true">
   <notes><![CDATA[
   FP per issue #6991
   ]]></notes>
   <packageUrl regex="true">^pkg:maven/com\.apollographql\.federation/federation-graphql-java-support@.*$</packageUrl>
   <cpe>cpe:/a:apollo_project:apollo</cpe>
</suppress>
<suppress base="true">
   <notes><![CDATA[
   FP per issue #7018
   ]]></notes>
   <packageUrl regex="true">^pkg:maven/fi\.solita\.clamav/clamav-client@.*$</packageUrl>
   <cpe>cpe:/a:clamav:clamav</cpe>
</suppress>
<suppress base="true">
   <notes><![CDATA[
   FP per issue #7034
   ]]></notes>
   <packageUrl regex="true">^pkg:maven/jakarta\.json/jakarta\.json-api@.*$</packageUrl>
   <cpe>cpe:/a:eclipse:glassfish</cpe>
</suppress>
<suppress base="true">
   <notes><![CDATA[
   FP per issue #7028
   ]]></notes>
   <packageUrl regex="true">^pkg:maven/org\.glassfish\.jaxb/jaxb-runtime@.*$</packageUrl>
   <cpe>cpe:/a:eclipse:glassfish</cpe>
</suppress>
<suppress base="true">
   <notes><![CDATA[
   FP per issue #7026
   ]]></notes>
   <packageUrl regex="true">^pkg:maven/org\.apache\.ftpserver/ftplet-api@.*$</packageUrl>
   <cpe>cpe:/a:apache:apache_http_server</cpe>
</suppress>
<suppress base="true">
   <notes><![CDATA[
   FP per issue #7035
   ]]></notes>
   <packageUrl regex="true">^pkg:maven/org\.apache\.ftpserver/ftpserver-core@.*$</packageUrl>
   <cpe>cpe:/a:apache:apache_http_server</cpe>
</suppress>
<suppress base="true">
<notes><![CDATA[
   FP per issue #7043
   ]]></notes>
<packageUrl regex="true">^pkg:maven/org\.apache\.ftpserver/ftplet-api@.*$</packageUrl>
<cpe regex="true">^cpe:/a:apache:mina:.*</cpe>
</suppress>
<suppress base="true">
<notes><![CDATA[
   FP per issue #6981 - manual addition prometheus java_client libraries
   seen as the prometheus server, but they would receive product client_java
   (no CPE yet, but observed from the existing CPE for the go client client_go)
   ]]></notes>
<packageUrl regex="true">^pkg:maven/io\.prometheus/prometheus-.*$</packageUrl>
<cpe>cpe:/a:prometheus:prometheus</cpe>
</suppress>
<suppress base="true">
   <notes><![CDATA[
   Original suppression as per #952 suppressed individual CVEs.
   As per false negative #7057 MySQL java connector has CPEs of its own, so it's proper to suppress the server CPE
   NOTE: the additional colon in the CPE is required to not match on prefix with cpe:/a:mysql:mysql_connector_j etc
   ]]></notes>
   <gav regex="true">^(mysql:mysql-connector-java|com\.mysql:mysql-connector-j|org\.drizzle\.jdbc:drizzle-jdbc):.*$</gav>
   <cpe>cpe:/a:mysql:mysql:</cpe>
   <cpe>cpe:/a:oracle:mysql:</cpe>
</suppress>

<suppress base="true">
   <notes><![CDATA[
   FP per issue #6435
   ]]></notes>
   <packageUrl regex="true">^pkg:nuget/IronPython@.*$</packageUrl>
   <cpe>cpe:/a:python:python</cpe>
</suppress>
<!-- suppressions above this entry were included in the 11.0.0 release -->

<suppress base="true">
   <notes><![CDATA[
   FP per issue #7066
   ]]></notes>
   <packageUrl regex="true">^pkg:maven/com\.azure/azure-json@.*$</packageUrl>
   <cpe>cpe:/a:microsoft:azure_cli</cpe>
</suppress>
<suppress base="true">
   <notes><![CDATA[
   FP per issue #7073
   ]]></notes>
   <packageUrl regex="true">^pkg:maven/org\.agrona/agrona@.*$</packageUrl>
   <cpe>cpe:/a:protonmail:protonmail</cpe>
</suppress>
<suppress base="true">
   <notes><![CDATA[
   FP per issue #7047
   ]]></notes>
   <packageUrl regex="true">^pkg:maven/org\.mortbay\.jasper/apache-el@.*$</packageUrl>
   <cpe>cpe:/a:eclipse:jetty</cpe>
</suppress>
<suppress base="true">
   <notes><![CDATA[
   FP per issue #6431
   ]]></notes>
   <packageUrl regex="true">^pkg:maven/com\.maciejwalkowiak\.spring/wiremock-spring-boot@.*$</packageUrl>
   <cpe>cpe:/a:wiremock:wiremock</cpe>
   <cpe>cpe:/a:wire:wire</cpe>
</suppress>
<suppress base="true">
   <notes><![CDATA[
   FP per issue #7124
   ]]></notes>
   <packageUrl regex="true">^pkg:maven/com\.azure/azure-core-amqp@.*$</packageUrl>
   <cpe>cpe:/a:microsoft:azure_cli</cpe>
</suppress>
<suppress base="true">
   <notes><![CDATA[
   FP per issue #6981 and #7123
   ]]></notes>
   <packageUrl regex="true">^pkg:maven/io\.etcd/jetcd-.*@.*$</packageUrl>
   <cpe>cpe:/a:redhat:etcd</cpe>
   <cpe>cpe:/a:etcd:etcd</cpe>
</suppress>
<suppress base="true">
   <notes><![CDATA[
   FP per issue #7110
   ]]></notes>
   <packageUrl regex="true">^pkg:maven/com\.azure/azure-core-management@.*$</packageUrl>
   <cpe>cpe:/a:microsoft:azure_cli</cpe>
</suppress>
<suppress base="true">
   <notes><![CDATA[
   FP per issue #7132
   ]]></notes>
   <packageUrl regex="true">^pkg:maven/com\.amazonaws/aws-java-sdk-opensearch@.*$</packageUrl>
   <cpe>cpe:/a:amazon:opensearch</cpe>
</suppress>
<suppress base="true">
   <notes><![CDATA[
   FP per issue #7209
   ]]></notes>
   <packageUrl regex="true">^pkg:maven/org\.webjars\.npm/url-parse@.*$</packageUrl>
   <cpe>cpe:/a:parse-url_project:parse-url</cpe>
</suppress>
<suppress base="true">
   <notes><![CDATA[
   FP per issue #7207
   ]]></notes>
   <packageUrl regex="true">^pkg:maven/com\.datomic/memcache-asg-java-client@.*$</packageUrl>
   <cpe>cpe:/a:memcache_project:memcache</cpe>
</suppress>
<suppress base="true">
   <notes><![CDATA[
   FP per issue #7216
   ]]></notes>
   <packageUrl regex="true">^pkg:maven/com\.azure\.resourcemanager/azure-resourcemanager-msi@.*$</packageUrl>
   <cpe>cpe:/a:microsoft:azure_cli</cpe>
</suppress>
<suppress base="true">
   <notes><![CDATA[
   FP per issue #7215
   ]]></notes>
   <packageUrl regex="true">^pkg:maven/com\.azure\.resourcemanager/azure-resourcemanager@.*$</packageUrl>
   <cpe>cpe:/a:microsoft:azure_cli</cpe>
</suppress>
<suppress base="true">
   <notes><![CDATA[
   FP per issue #7214
   ]]></notes>
   <packageUrl regex="true">^pkg:maven/com\.amazonaws/aws-java-sdk-marketplacedeployment@.*$</packageUrl>
   <cpe>cpe:/a:amazon:aws_deployment_framework</cpe>
</suppress>
<suppress base="true">
   <notes><![CDATA[
   FP per issue #7229
   ]]></notes>
   <packageUrl regex="true">^pkg:maven/cd\.go\.plugin\.base/gocd-plugin-base@.*$</packageUrl>
   <cpe>cpe:/a:thoughtworks:gocd</cpe>
</suppress>
<suppress base="true">
   <notes><![CDATA[
      FP per issue #7226
      NPM node-windows sudowin sudo.exe binary is not Linux sudo project, but https://github.com/akutz/sudowin
      ]]></notes>
   <filePath regex="true">.*/node-windows/bin/sudowin/sudo.exe</filePath>
   <cpe>cpe:/a:sudo:sudo</cpe>
   <cpe>cpe:/a:sudo_project:sudo</cpe>
</suppress>

<suppress base="true">
   <notes><![CDATA[
   FP per issue #7225
   ]]></notes>
   <packageUrl regex="true">^pkg:maven/com\.datomic/memcache-asg-java-client@.*$</packageUrl>
   <cpe>cpe:/a:memcached:memcached</cpe>
</suppress>
<suppress base="true">
   <notes><![CDATA[
   FP per issue #7188
   ]]></notes>
   <packageUrl regex="true">^pkg:maven/fish\.payara\.security\.connectors/security-connectors-api@.*$</packageUrl>
   <cpe>cpe:/a:payara:payara</cpe>
</suppress>
<suppress base="true">
   <notes><![CDATA[
   FP per issue #7238
   ]]></notes>
   <packageUrl regex="true">^pkg:maven/com\.microsoft\.azure/msal4j-persistence-extension@.*$</packageUrl>
   <cpe>cpe:/a:microsoft:authentication_library</cpe>
</suppress>
<suppress base="true">
   <notes><![CDATA[
   FP per issue #6679
   ]]></notes>
   <packageUrl regex="true">^pkg:maven/com\.google\.cloud\.tools/jib-build-plan@.*$</packageUrl>
   <cpe>cpe:/a:jib_project:jib</cpe>
</suppress>
<suppress base="true">
   <notes><![CDATA[
   FP per issue #6491
   ]]></notes>
   <packageUrl regex="true">^pkg:maven/com\.azure/azure-identity-extensions@.*$</packageUrl>
   <cpe>cpe:/a:microsoft:azure_cli</cpe>
</suppress>
<suppress base="true">
   <notes><![CDATA[
   FP per issue #7247
   ]]></notes>
   <packageUrl regex="true">^pkg:maven/com\.google\.cloud\.opentelemetry/detector-resources-support@.*$</packageUrl>
   <cpe>cpe:/a:opentelemetry:opentelemetry</cpe>
</suppress>
<suppress base="true">
   <notes><![CDATA[
      Optimized suppression for FP per issue #4948, #4949, #5017, #5497, #5854, #5857, #7123
      as suggested in #7250. If it's not in the io.grpc groupId it's not gRPC itself
      ]]></notes>
   <packageUrl regex="true">^pkg:maven/(?!io\.grpc/).*$</packageUrl>
   <cpe>cpe:/a:grpc:grpc</cpe>
</suppress>
<suppress base="true">
<notes><![CDATA[
        FPs original report for private libs: #2995
        Additional public libs affected by the same reported in #7251
        The sms:sms (Linux SMS package) is not a Java library so it will never appear on the Maven repository
        ]]></notes>
<packageUrl regex="true">^pkg:maven\/.*$</packageUrl>
<cpe>cpe:/a:sms:sms</cpe>
</suppress>
<suppress base="true">
   <notes><![CDATA[
   FP per issue #6416
   ]]></notes>
   <packageUrl regex="true">^pkg:maven/com\.sap\.cloud\.db\.jdbc/ngdbc@.*$</packageUrl>
   <cpe>cpe:/a:sap:hana</cpe>
</suppress>
<suppress base="true">
   <notes><![CDATA[
   FP per issue #7265
   ]]></notes>
   <packageUrl regex="true">^pkg:maven/com\.google\.cloud\.opentelemetry/shared-resourcemapping@.*$</packageUrl>
   <cpe>cpe:/a:opentelemetry:opentelemetry</cpe>
</suppress>
<suppress base="true">
   <notes><![CDATA[
   FP per issue #7264
   ]]></notes>
   <packageUrl regex="true">^pkg:maven/com\.google\.cloud\.opentelemetry/exporter-metrics@.*$</packageUrl>
   <cpe>cpe:/a:opentelemetry:opentelemetry</cpe>
</suppress>
<suppress base="true">
   <notes><![CDATA[
   FP per issue #5571
   ]]></notes>
   <packageUrl regex="true">^pkg:maven/dev\.zio/zio-akka-cluster_2\.13@.*$</packageUrl>
   <cpe>cpe:/a:akka:akka</cpe>
</suppress>
<suppress base="true">
   <notes><![CDATA[
   FP per issue #7271
   ]]></notes>
   <packageUrl regex="true">^pkg:maven/org\.springframework\.boot/spring-boot-starter-data-rest@.*$</packageUrl>
   <cpe>cpe:/a:vmware:spring_data_rest</cpe>
</suppress>
</suppressions>